community,full_content,level,rank,title,rank_explanation,summary,findings,full_content_json,id
0,"# Clear Water Bay Friendship Circle

The community is centered around the close-knit friendship of Li Ming, Zhang Li, and Wang Hao, all living in Clear Water Bay. Li Ming is a high school teacher, Zhang Li is a community event organizer, and Wang Hao is a librarian, each contributing to the community in their unique ways.

## Li Ming's role as a high school teacher

Li Ming is a high school teacher at OneTwoThree Elementary, known for his patience and understanding. His role as a confidante for his friends' troubles highlights his empathetic nature and the trust placed in him by his peers. [Data: Entities (1)]

## Zhang Li's community involvement

Zhang Li is a lively community event organizer, always brimming with energy and creativity. Her role in the community is significant, as she inspires those around her with her enthusiasm. [Data: Entities (2)]

## Wang Hao's wisdom and respect

Wang Hao is a reserved librarian whose extensive knowledge and wisdom earn him great respect among his peers. His role in the community is one of a respected figure, contributing to the intellectual and cultural aspects of Clear Water Bay. [Data: Entities (3)]

## Friendship ties in Clear Water Bay

Li Ming, Zhang Li, and Wang Hao are all friends living in Clear Water Bay, indicating a strong social network among the community members. Their friendship ties are ranked highly, suggesting a close and supportive relationship. [Data: Relationships (0, 1, 2)]",0,2.0,Clear Water Bay Friendship Circle,The impact severity rating is low as the community is comprised of individuals with positive roles in society and no significant negative claims or impacts.,"The community is centered around the close-knit friendship of Li Ming, Zhang Li, and Wang Hao, all living in Clear Water Bay. Li Ming is a high school teacher, Zhang Li is a community event organizer, and Wang Hao is a librarian, each contributing to the community in their unique ways.","[{'explanation': ""Li Ming is a high school teacher at OneTwoThree Elementary, known for his patience and understanding. His role as a confidante for his friends' troubles highlights his empathetic nature and the trust placed in him by his peers. [Data: Entities (1)]"", 'summary': ""Li Ming's role as a high school teacher""}
 {'explanation': 'Zhang Li is a lively community event organizer, always brimming with energy and creativity. Her role in the community is significant, as she inspires those around her with her enthusiasm. [Data: Entities (2)]', 'summary': ""Zhang Li's community involvement""}
 {'explanation': 'Wang Hao is a reserved librarian whose extensive knowledge and wisdom earn him great respect among his peers. His role in the community is one of a respected figure, contributing to the intellectual and cultural aspects of Clear Water Bay. [Data: Entities (3)]', 'summary': ""Wang Hao's wisdom and respect""}
 {'explanation': 'Li Ming, Zhang Li, and Wang Hao are all friends living in Clear Water Bay, indicating a strong social network among the community members. Their friendship ties are ranked highly, suggesting a close and supportive relationship. [Data: Relationships (0, 1, 2)]', 'summary': 'Friendship ties in Clear Water Bay'}]","{
    ""title"": ""Clear Water Bay Friendship Circle"",
    ""summary"": ""The community is centered around the close-knit friendship of Li Ming, Zhang Li, and Wang Hao, all living in Clear Water Bay. Li Ming is a high school teacher, Zhang Li is a community event organizer, and Wang Hao is a librarian, each contributing to the community in their unique ways."",
    ""rating"": 2.0,
    ""rating_explanation"": ""The impact severity rating is low as the community is comprised of individuals with positive roles in society and no significant negative claims or impacts."",
    ""findings"": [
        {
            ""summary"": ""Li Ming's role as a high school teacher"",
            ""explanation"": ""Li Ming is a high school teacher at OneTwoThree Elementary, known for his patience and understanding. His role as a confidante for his friends' troubles highlights his empathetic nature and the trust placed in him by his peers. [Data: Entities (1)]""
        },
        {
            ""summary"": ""Zhang Li's community involvement"",
            ""explanation"": ""Zhang Li is a lively community event organizer, always brimming with energy and creativity. Her role in the community is significant, as she inspires those around her with her enthusiasm. [Data: Entities (2)]""
        },
        {
            ""summary"": ""Wang Hao's wisdom and respect"",
            ""explanation"": ""Wang Hao is a reserved librarian whose extensive knowledge and wisdom earn him great respect among his peers. His role in the community is one of a respected figure, contributing to the intellectual and cultural aspects of Clear Water Bay. [Data: Entities (3)]""
        },
        {
            ""summary"": ""Friendship ties in Clear Water Bay"",
            ""explanation"": ""Li Ming, Zhang Li, and Wang Hao are all friends living in Clear Water Bay, indicating a strong social network among the community members. Their friendship ties are ranked highly, suggesting a close and supportive relationship. [Data: Relationships (0, 1, 2)]""
        }
    ]
}",4616e2de-0395-488d-907c-8a80b8cda7e3
